Workbook

Sheet Soru-1
A1: X | B1: Y
A2: 0 | B2: =_xlfn.EXPON.DIST(A2,2,FALSE)+RAND()*0.01 -> 2.0039953
A3: 0.1 | B3: =_xlfn.EXPON.DIST(A3,2,FALSE)+RAND()*0.01 -> 1.6401158
A4: 0.2 | B4: =_xlfn.EXPON.DIST(A4,2,FALSE)+RAND()*0.01 -> 1.3448791
A5: 0.3 | B5: =_xlfn.EXPON.DIST(A5,2,FALSE)+RAND()*0.01 -> 1.1075515
A6: 0.4 | B6: =_xlfn.EXPON.DIST(A6,2,FALSE)+RAND()*0.01 -> 0.90832986
A7: 0.5 | B7: =_xlfn.EXPON.DIST(A7,2,FALSE)+RAND()*0.01 -> 0.74313198
A8: 0.6 | B8: =_xlfn.EXPON.DIST(A8,2,FALSE)+RAND()*0.01 -> 0.60251
A9: 0.7 | B9: =_xlfn.EXPON.DIST(A9,2,FALSE)+RAND()*0.01 -> 0.49354884
A10: 0.8 | B10: =_xlfn.EXPON.DIST(A10,2,FALSE)+RAND()*0.01 -> 0.41213738
A11: 0.9 | B11: =_xlfn.EXPON.DIST(A11,2,FALSE)+RAND()*0.01 -> 0.33383318
A12: 1 | B12: =_xlfn.EXPON.DIST(A12,2,FALSE)+RAND()*0.01 -> 0.27236063
A13: 1.1 | B13: =_xlfn.EXPON.DIST(A13,2,FALSE)+RAND()*0.01 -> 0.22409836
... A42: 4 | B42: =_xlfn.EXPON.DIST(A42,2,FALSE)+RAND()*0.01 -> 0.010551375

Sheet Soru-2
A1: Alt Sınır | B1: -60 | D1: Orijinal Dizi | J1: Dizinin Tersi | P1: İki Dizinin Çarpımı
A2: Üst Sınır | B2: 60 | D2: =RANDBETWEEN($B$1,$B$2) -> 60 | E2: =RANDBETWEEN($B$1,$B$2) -> 17 | F2: =RANDBETWEEN($B$1,$B$2) -> 4 | G2: =RANDBETWEEN($B$1,$B$2) -> -34 | H2: =RANDBETWEEN($B$1,$B$2) -> 23 | J2: {=MINVERSE(D2:H6)} -> 0.010651358 | K2: -0.0016919215 | L2: -0.020592359 | M2: 0.011361915 | N2: 0.0086741343 | P2: {=MMULT(D2:H6,_xlfn.ANCHORARRAY(J2))} -> 1 | Q2: -2.7755576e-17 | R2: -2.220446e-16 | S2: 1.3877788e-16 | T2: 0
D3: =RANDBETWEEN($B$1,$B$2) -> 44 | E3: =RANDBETWEEN($B$1,$B$2) -> -30 | F3: =RANDBETWEEN($B$1,$B$2) -> 8 | G3: =RANDBETWEEN($B$1,$B$2) -> -53 | H3: =RANDBETWEEN($B$1,$B$2) -> -60 | J3: 0.014743726 | K3: -0.028542508 | L3: -0.12325468 | M3: 0.0082472303 | N3: 0.11753788 | P3: 0 | Q3: 1 | R3: 0 | S3: 1.110223e-16 | T3: 0
D4: =RANDBETWEEN($B$1,$B$2) -> -57 | E4: =RANDBETWEEN($B$1,$B$2) -> -17 | F4: =RANDBETWEEN($B$1,$B$2) -> 27 | G4: =RANDBETWEEN($B$1,$B$2) -> -33 | H4: =RANDBETWEEN($B$1,$B$2) -> 31 | J4: 0.031480937 | K4: -0.052161566 | L4: -0.26741327 | M4: 0.072116943 | N4: 0.23959298 | P4: -2.3592239e-16 | Q4: 6.3837824e-16 | R4: 1 | S4: -5.5511151e-16 | T4: -1.7763568e-15
D5: =RANDBETWEEN($B$1,$B$2) -> -23 | E5: =RANDBETWEEN($B$1,$B$2) -> -39 | F5: =RANDBETWEEN($B$1,$B$2) -> 25 | G5: =RANDBETWEEN($B$1,$B$2) -> -3 | H5: =RANDBETWEEN($B$1,$B$2) -> 15 | J5: 0.0022514302 | K5: -0.01912816 | L5: -0.076412774 | M5: 0.026296509 | N5: 0.055348276 | P5: -7.6327833e-17 | Q5: -1.8041124e-16 | R5: -3.1086245e-15 | S5: 1 | T5: 1.7763568e-15
D6: =RANDBETWEEN($B$1,$B$2) -> -55 | E6: =RANDBETWEEN($B$1,$B$2) -> -16 | F6: =RANDBETWEEN($B$1,$B$2) -> 28 | G6: =RANDBETWEEN($B$1,$B$2) -> -43 | H6: =RANDBETWEEN($B$1,$B$2) -> 14 | J6: 0.002647828 | K6: 0.0063055108 | L6: 0.078369122 | M6: -0.0094045346 | N6: -0.069353155 | P6: -2.4980018e-16 | Q6: 4.9960036e-16 | R6: 1.7763568e-15 | S6: -5.8286709e-16 | T6: 1

Sheet Soru-3
A1: Deney-1 | B1: Deney-2 | C1: Deney-3 | F1: Anova: Tek Etken
A2: 4.490019 | B2: 5.490019 | C2: 9.490019
A3: 4.6263159 | B3: 5.6263159 | C3: 9.6263159 | F3: ÖZET
A4: 6.1518159 | B4: 7.1518159 | C4: 11.151816 | F4: Gruplar | G4: Say | H4: Toplam | I4: Ortalama | J4: Varyans
A5: 3.8243962 | B5: 4.8243962 | C5: 8.8243962 | F5: Deney-1 | G5: 50 | H5: 250.83308 | I5: 5.0166615 | J5: 0.98066868
A6: 2.9807217 | B6: 3.9807217 | C6: 7.9807217 | F6: Deney-2 | G6: 50 | H6: 300.83308 | I6: 6.0166615 | J6: 0.98066868
A7: 5.6272842 | B7: 6.6272842 | C7: 10.627284 | F7: Deney-3 | G7: 50 | H7: 500.83308 | I7: 10.016662 | J7: 0.98066868
A8: 6.093631 | B8: 7.093631 | C8: 11.093631
A9: 5.273925 | B9: 6.273925 | C9: 10.273925
A10: 5.4986009 | B10: 6.4986009 | C10: 10.498601 | F10: ANOVA
A11: 6.1180214 | B11: 7.1180214 | C11: 11.118021 | F11: Varyans Kaynağı | G11: SS | H11: df | I11: MS | J11: F | K11: P-değeri | L11: F ölçütü
A12: 4.7884834 | B12: 5.7884834 | C12: 9.7884834 | F12: Gruplar Arasında | G12: 700 | H12: 2 | I12: 350 | J12: 356.89933 | K12: 3.8243485e-57 | L12: 3.0576207
A13: 6.7066168 | B13: 7.7066168 | C13: 11.706617 | F13: Gruplar İçinde | G13: 144.1583 | H13: 147 | I13: 0.98066868
A14: 2.8319102 | B14: 3.8319102 | C14: 7.8319102
A15: 5.2864158 | B15: 6.2864158 | C15: 10.286416 | F15: Toplam | G15: 844.1583 | H15: 149
A16: 5.164174 | B16: 6.164174 | C16: 10.164174
A17: 5.713494 | B17: 6.713494 | C17: 10.713494
A18: 5.348291 | B18: 6.348291 | C18: 10.348291
A19: 4.2747132 | B19: 5.2747132 | C19: 9.2747132
A20: 4.8399346 | B20: 5.8399346 | C20: 9.8399346
A21: 4.6780889 | B21: 5.6780889 | C21: 9.6780889
A22: 5.9588052 | B22: 6.9588052 | C22: 10.958805
A23: 4.8617488 | B23: 5.8617488 | C23: 9.8617488
A24: 5.7126073 | B24: 6.7126073 | C24: 10.712607
A25: 4.963693 | B25: 5.963693 | C25: 9.963693
A26: 4.5935445 | B26: 5.5935445 | C26: 9.5935445
A27: 3.2361715 | B27: 4.2361715 | C27: 8.2361715
... A51: 5.3072012 | B51: 6.3072012 | C51: 10.307201

Sheet Soru-4
A1: Etiketler | B1: Karar Değişkenleri | E1: Amaç Fonksiyonu | F1: =SUM(B2:B7) -> 34
A2: X(1) | B2: 6 | E2: Kısıt-1 | F2: =B2+B7 -> 6 | G2: 6
A3: X(2) | B3: 3 | E3: Kısıt-2 | F3: =B2+B3 -> 9 | G3: 9
A4: X(3) | B4: 10 | E4: Kısıt-3 | F4: =B3+B4 -> 13 | G4: 13
A5: X(4) | B5: 0 | E5: Kısıt-4 | F5: =B4+B5 -> 10 | G5: 5
A6: X(5) | B6: 15 | E6: Kısıt-5 | F6: =B5+B6 -> 15 | G6: 15
A7: X(6) | B7: 0 | E7: Kısıt-6 | F7: =B6+B7 -> 15 | G7: 5

Sheet Soru-5
A1: Yıl | B1: İl | C1: Nüfus | D1: Bölge
A2: 2000 | B2: Adana | C2: 1849478 | D2: =VLOOKUP(B2,'İl-Bölge'!$A:$B,2,FALSE) -> Akdeniz
A3: 2010 | B3: Adana | C3: 2085225 | D3: =VLOOKUP(B3,'İl-Bölge'!$A:$B,2,FALSE) -> Akdeniz
A4: 2020 | B4: Adana | C4: 2258718 | D4: =VLOOKUP(B4,'İl-Bölge'!$A:$B,2,FALSE) -> Akdeniz
A5: 2024 | B5: Adana | C5: 2280484 | D5: =VLOOKUP(B5,'İl-Bölge'!$A:$B,2,FALSE) -> Akdeniz
A6: 2025 | B6: Adana | C6: 2283609 | D6: =VLOOKUP(B6,'İl-Bölge'!$A:$B,2,FALSE) -> Akdeniz
A7: 2000 | B7: Adıyaman | C7: 623811 | D7: =VLOOKUP(B7,'İl-Bölge'!$A:$B,2,FALSE) -> Güneydoğu Anadolu
A8: 2010 | B8: Adıyaman | C8: 590935 | D8: =VLOOKUP(B8,'İl-Bölge'!$A:$B,2,FALSE) -> Güneydoğu Anadolu
A9: 2020 | B9: Adıyaman | C9: 632459 | D9: =VLOOKUP(B9,'İl-Bölge'!$A:$B,2,FALSE) -> Güneydoğu Anadolu
A10: 2024 | B10: Adıyaman | C10: 611037 | D10: =VLOOKUP(B10,'İl-Bölge'!$A:$B,2,FALSE) -> Güneydoğu Anadolu
A11: 2025 | B11: Adıyaman | C11: 617821 | D11: =VLOOKUP(B11,'İl-Bölge'!$A:$B,2,FALSE) -> Güneydoğu Anadolu
A12: 2000 | B12: Afyonkarahisar | C12: 812416 | D12: =VLOOKUP(B12,'İl-Bölge'!$A:$B,2,FALSE) -> Ege
A13: 2010 | B13: Afyonkarahisar | C13: 697559 | D13: =VLOOKUP(B13,'İl-Bölge'!$A:$B,2,FALSE) -> Ege
... A406: 2025 | B406: Zonguldak | C406: 585203 | D406: =VLOOKUP(B406,'İl-Bölge'!$A:$B,2,FALSE) -> Karadeniz

Sheet İl-Bölge
A1: İl | B1: Bölge
A2: ADANA | B2: Akdeniz
A3: ANTALYA | B3: Akdeniz
A4: HATAY | B4: Akdeniz
A5: ISPARTA | B5: Akdeniz
A6: İSKENDERUN | B6: Akdeniz
A7: KAHRAMANMARAŞ | B7: Akdeniz
A8: MERSİN | B8: Akdeniz
A9: OSMANİYE | B9: Akdeniz
A10: BURDUR | B10: Akdeniz
A11: AĞRI | B11: Doğu Anadolu
A12: BİNGÖL | B12: Doğu Anadolu
... A87: BİLECİK | B87: Marmara

Sheet Soru-5 (Pivot)
A3: Toplam Nüfus | B3: Sütun Etiketleri
A4: Satır Etiketleri | B4: 2000 | C4: 2010 | D4: 2020 | E4: 2024 | F4: 2025 | G4: Genel Toplam
A5: Marmara | B5: 17365027 | C5: 21887360 | D5: 25731357 | E5: 26549840 | F5: 26711525 | G5: 118245109
A6: İç Anadolu | B6: 11608868 | C6: 11811112 | D6: 13337745 | E6: 13738834 | F6: 13809574 | G6: 64306133
A7: Ege | B7: 8938781 | C7: 9693594 | D7: 10689115 | E7: 10974357 | F7: 11011261 | G7: 51307108
A8: Akdeniz | B8: 8706005 | C8: 9423231 | D8: 10759218 | E8: 10936452 | F8: 11028175 | G8: 50853081
A9: Karadeniz | B9: 8439213 | C9: 7539694 | D9: 7916169 | E9: 8041912 | F9: 8041038 | G9: 39978026
A10: Güneydoğu Anadolu | B10: 6608619 | C10: 7592772 | D10: 9118921 | E10: 9490286 | F10: 9587992 | G10: 42398590
A11: Doğu Anadolu | B11: 6137414 | C11: 5775225 | D11: 6061837 | E11: 5933263 | F11: 5902603 | G11: 29810342
A12: Genel Toplam | B12: 67803927 | C12: 73722988 | D12: 83614362 | E12: 85664944 | F12: 86092168 | G12: 396898389
